start,end,c,b
1,90,68.792,0.129677
16,90,59.698,0.119461
32,90,43.598,0.107706
46,90,46.446,0.08527
60,90,19.088,0.080381
75,90,14.256,0.055828
91,106,19.726,0.08495
106,121,11.296,0.150415
121,136,60.102,0.163226
136,152,81.481,0.208614
152,167,15.702,0.39413
167,182,-6.034,0.557465
182,197,-8.343,0.702454